borrower_id,static_demo_score,sequence_demo_score,demo_risk_band,model_version,scored_at_utc,synthetic_demo,decision
DEMO_02543,0.5250908550682091,0.23775923634523766,Elevated demo risk,synthetic-demo-v1,2026-09-14T23:53:20.262918+00:00,True,No lending decision
DEMO_02323,0.5003540813961465,0.1962414234941642,Elevated demo risk,synthetic-demo-v1,2026-09-14T23:53:20.262918+00:00,True,No lending decision
DEMO_00252,0.7014880344098396,0.1536182541798866,Elevated demo risk,synthetic-demo-v1,2026-09-14T23:53:20.262918+00:00,True,No lending decision
DEMO_00157,0.6000217222660867,0.15031526180046434,Elevated demo risk,synthetic-demo-v1,2026-09-14T23:53:20.262918+00:00,True,No lending decision
DEMO_04410,0.7142724256977407,0.1326403105154231,Elevated demo risk,synthetic-demo-v1,2026-09-14T23:53:20.262918+00:00,True,No lending decision
DEMO_02468,0.4674667299880738,0.13084906164394827,Elevated demo risk,synthetic-demo-v1,2026-09-14T23:53:20.262918+00:00,True,No lending decision
DEMO_01451,0.41511796849103005,0.09842707552506338,Elevated demo risk,synthetic-demo-v1,2026-09-14T23:53:20.262918+00:00,True,No lending decision
DEMO_02974,0.38733478369747576,0.09597413393768747,Elevated demo risk,synthetic-demo-v1,2026-09-14T23:53:20.262918+00:00,True,No lending decision
DEMO_01864,0.5034671272948166,0.09149588956370786,Watch demo risk,synthetic-demo-v1,2026-09-14T23:53:20.262918+00:00,True,No lending decision
DEMO_03713,0.5091613361058416,0.07687825141679229,Watch demo risk,synthetic-demo-v1,2026-09-14T23:53:20.262918+00:00,True,No lending decision
DEMO_00720,0.31523806839459767,0.07679738231929366,Watch demo risk,synthetic-demo-v1,2026-09-14T23:53:20.262918+00:00,True,No lending decision
DEMO_03648,0.46501392219979404,0.07008903322347881,Watch demo risk,synthetic-demo-v1,2026-09-14T23:53:20.262918+00:00,True,No lending decision
DEMO_04049,0.47801657367526784,0.06664963864918012,Watch demo risk,synthetic-demo-v1,2026-09-14T23:53:20.262918+00:00,True,No lending decision
DEMO_03682,0.44806248962337636,0.06074347733526909,Watch demo risk,synthetic-demo-v1,2026-09-14T23:53:20.262918+00:00,True,No lending decision
DEMO_03686,0.15553363502458742,0.05383589989376749,Watch demo risk,synthetic-demo-v1,2026-09-14T23:53:20.262918+00:00,True,No lending decision
DEMO_01973,0.649063921780333,0.04986100398840653,Watch demo risk,synthetic-demo-v1,2026-09-14T23:53:20.262918+00:00,True,No lending decision
DEMO_03570,0.507855613128324,0.049245167130646174,Watch demo risk,synthetic-demo-v1,2026-09-14T23:53:20.262918+00:00,True,No lending decision
DEMO_00944,0.3855786214611797,0.04024951108253817,Watch demo risk,synthetic-demo-v1,2026-09-14T23:53:20.262918+00:00,True,No lending decision
DEMO_00680,0.44891090620021495,0.03555377483083241,Watch demo risk,synthetic-demo-v1,2026-09-14T23:53:20.262918+00:00,True,No lending decision
DEMO_00443,0.5970163293812899,0.03318143452183953,Watch demo risk,synthetic-demo-v1,2026-09-14T23:53:20.262918+00:00,True,No lending decision
DEMO_01456,0.7793656995286007,0.032480206936947094,Lower demo risk,synthetic-demo-v1,2026-09-14T23:53:20.262918+00:00,True,No lending decision
DEMO_01602,0.6777943479187275,0.03062022583572186,Lower demo risk,synthetic-demo-v1,2026-09-14T23:53:20.262918+00:00,True,No lending decision
DEMO_03178,0.3934913703304864,0.02961415206836445,Lower demo risk,synthetic-demo-v1,2026-09-14T23:53:20.262918+00:00,True,No lending decision
DEMO_00199,0.23202199399690046,0.029504174359718915,Lower demo risk,synthetic-demo-v1,2026-09-14T23:53:20.262918+00:00,True,No lending decision
DEMO_00471,0.19972013834320587,0.029273242087208856,Lower demo risk,synthetic-demo-v1,2026-09-14T23:53:20.262918+00:00,True,No lending decision
DEMO_02732,0.712070201455414,0.026312374985417594,Lower demo risk,synthetic-demo-v1,2026-09-14T23:53:20.262918+00:00,True,No lending decision
DEMO_01558,0.48338669066788786,0.02383453368073642,Lower demo risk,synthetic-demo-v1,2026-09-14T23:53:20.262918+00:00,True,No lending decision
DEMO_03169,0.12166637260408061,0.023279538769446845,Lower demo risk,synthetic-demo-v1,2026-09-14T23:53:20.262918+00:00,True,No lending decision
DEMO_01861,0.15251754380267898,0.023072028553299297,Lower demo risk,synthetic-demo-v1,2026-09-14T23:53:20.262918+00:00,True,No lending decision
DEMO_03741,0.25446312738515325,0.022108503141973518,Lower demo risk,synthetic-demo-v1,2026-09-14T23:53:20.262918+00:00,True,No lending decision
DEMO_01482,0.4320818841230989,0.02139473184759926,Lower demo risk,synthetic-demo-v1,2026-09-14T23:53:20.262918+00:00,True,No lending decision
DEMO_03487,0.3856201367628147,0.02083679101547471,Lower demo risk,synthetic-demo-v1,2026-09-14T23:53:20.262918+00:00,True,No lending decision
DEMO_01128,0.20175686106859084,0.020742920529450128,Lower demo risk,synthetic-demo-v1,2026-09-14T23:53:20.262918+00:00,True,No lending decision
DEMO_02640,0.4347210995189274,0.020474938047211056,Lower demo risk,synthetic-demo-v1,2026-09-14T23:53:20.262918+00:00,True,No lending decision
DEMO_03543,0.5512676066329524,0.020188117360324772,Lower demo risk,synthetic-demo-v1,2026-09-14T23:53:20.262918+00:00,True,No lending decision
DEMO_01606,0.4093617644442074,0.01749756226812895,Lower demo risk,synthetic-demo-v1,2026-09-14T23:53:20.262918+00:00,True,No lending decision
DEMO_00468,0.4275122815254499,0.01674942977984617,Lower demo risk,synthetic-demo-v1,2026-09-14T23:53:20.262918+00:00,True,No lending decision
DEMO_00151,0.06283133517596336,0.016460889705991532,Lower demo risk,synthetic-demo-v1,2026-09-14T23:53:20.262918+00:00,True,No lending decision
DEMO_02992,0.31593393799904396,0.016125004565135537,Lower demo risk,synthetic-demo-v1,2026-09-14T23:53:20.262918+00:00,True,No lending decision
DEMO_00416,0.48313016995256375,0.015170919601448897,Lower demo risk,synthetic-demo-v1,2026-09-14T23:53:20.262918+00:00,True,No lending decision
DEMO_03656,0.3812197320787485,0.014902462527435061,Lower demo risk,synthetic-demo-v1,2026-09-14T23:53:20.262918+00:00,True,No lending decision
DEMO_01909,0.4696312303200257,0.014832072925099932,Lower demo risk,synthetic-demo-v1,2026-09-14T23:53:20.262918+00:00,True,No lending decision
DEMO_04020,0.4607653614782813,0.011705282605759777,Lower demo risk,synthetic-demo-v1,2026-09-14T23:53:20.262918+00:00,True,No lending decision
DEMO_03250,0.48981126087762433,0.011262326003488699,Lower demo risk,synthetic-demo-v1,2026-09-14T23:53:20.262918+00:00,True,No lending decision
DEMO_03633,0.2621472993650969,0.01017230397597542,Lower demo risk,synthetic-demo-v1,2026-09-14T23:53:20.262918+00:00,True,No lending decision
DEMO_00287,0.2822287331815267,0.00852823000338071,Lower demo risk,synthetic-demo-v1,2026-09-14T23:53:20.262918+00:00,True,No lending decision
DEMO_04127,0.2965413511001828,0.0077476945813763605,Lower demo risk,synthetic-demo-v1,2026-09-14T23:53:20.262918+00:00,True,No lending decision
DEMO_03299,0.32005549714848186,0.0074989237674797475,Lower demo risk,synthetic-demo-v1,2026-09-14T23:53:20.262918+00:00,True,No lending decision
DEMO_00896,0.06558251226642549,0.006820348100988339,Lower demo risk,synthetic-demo-v1,2026-09-14T23:53:20.262918+00:00,True,No lending decision
DEMO_02605,0.05978778414507324,0.005021303776926228,Lower demo risk,synthetic-demo-v1,2026-09-14T23:53:20.262918+00:00,True,No lending decision
DEMO_01196,0.04226193529206541,0.004257243911872231,Lower demo risk,synthetic-demo-v1,2026-09-14T23:53:20.262918+00:00,True,No lending decision
DEMO_02303,0.1791078015427222,0.004247103875154742,Lower demo risk,synthetic-demo-v1,2026-09-14T23:53:20.262918+00:00,True,No lending decision
DEMO_02031,0.08908471570383032,0.003968157032029689,Lower demo risk,synthetic-demo-v1,2026-09-14T23:53:20.262918+00:00,True,No lending decision
DEMO_03434,0.05935576871288135,0.003355792046197263,Lower demo risk,synthetic-demo-v1,2026-09-14T23:53:20.262918+00:00,True,No lending decision
DEMO_01844,0.07110662178262361,0.0030359845650057855,Lower demo risk,synthetic-demo-v1,2026-09-14T23:53:20.262918+00:00,True,No lending decision
DEMO_01438,0.0386930128756842,0.0024837088464043006,Lower demo risk,synthetic-demo-v1,2026-09-14T23:53:20.262918+00:00,True,No lending decision
DEMO_03012,0.09260381780546413,0.0023113804035711353,Lower demo risk,synthetic-demo-v1,2026-09-14T23:53:20.262918+00:00,True,No lending decision
DEMO_04087,0.03687843385567914,0.0019778023136427284,Lower demo risk,synthetic-demo-v1,2026-09-14T23:53:20.262918+00:00,True,No lending decision
DEMO_03895,0.06966047855802823,0.0018769127743775464,Lower demo risk,synthetic-demo-v1,2026-09-14T23:53:20.262918+00:00,True,No lending decision
DEMO_04270,0.04147589156366238,0.001758639482505038,Lower demo risk,synthetic-demo-v1,2026-09-14T23:53:20.262918+00:00,True,No lending decision
